nasare/images/106_2.png,nasare/masks/106_2.png
nasare/images/27.png,nasare/masks/27.png
nasare/images/180_0.png,nasare/masks/180_0.png
nasare/images/47.png,nasare/masks/47.png
nasare/images/37_4.png,nasare/masks/37_4.png
nasare/images/79.png,nasare/masks/79.png
nasare/images/143.png,nasare/masks/143.png
nasare/images/22_4.png,nasare/masks/22_4.png
nasare/images/98_2.png,nasare/masks/98_2.png
nasare/images/144_2.png,nasare/masks/144_2.png
nasare/images/145_0.png,nasare/masks/145_0.png
nasare/images/234_2.png,nasare/masks/234_2.png
nasare/images/123_4.png,nasare/masks/123_4.png
nasare/images/223_0.png,nasare/masks/223_0.png
nasare/images/393_3.png,nasare/masks/393_3.png
nasare/images/45_2.png,nasare/masks/45_2.png
nasare/images/170_1.png,nasare/masks/170_1.png
nasare/images/113_4.png,nasare/masks/113_4.png
nasare/images/194.png,nasare/masks/194.png
nasare/images/127_0.png,nasare/masks/127_0.png
nasare/images/352.png,nasare/masks/352.png
nasare/images/221_0.png,nasare/masks/221_0.png
nasare/images/78_2.png,nasare/masks/78_2.png
nasare/images/46_1.png,nasare/masks/46_1.png
nasare/images/187_0.png,nasare/masks/187_0.png
nasare/images/137_4.png,nasare/masks/137_4.png
nasare/images/132_0.png,nasare/masks/132_0.png
nasare/images/73_4.png,nasare/masks/73_4.png
nasare/images/114_3.png,nasare/masks/114_3.png
nasare/images/13_1.png,nasare/masks/13_1.png
nasare/images/331_4.png,nasare/masks/331_4.png
nasare/images/24_3.png,nasare/masks/24_3.png
nasare/images/36_4.png,nasare/masks/36_4.png
nasare/images/140_2.png,nasare/masks/140_2.png
nasare/images/179_4.png,nasare/masks/179_4.png
nasare/images/238_1.png,nasare/masks/238_1.png
nasare/images/204_3.png,nasare/masks/204_3.png
nasare/images/75_2.png,nasare/masks/75_2.png
nasare/images/7_4.png,nasare/masks/7_4.png
nasare/images/390_1.png,nasare/masks/390_1.png
nasare/images/253_2.png,nasare/masks/253_2.png
nasare/images/396_4.png,nasare/masks/396_4.png
nasare/images/6.png,nasare/masks/6.png
nasare/images/399_0.png,nasare/masks/399_0.png
nasare/images/35_2.png,nasare/masks/35_2.png
nasare/images/345_4.png,nasare/masks/345_4.png
nasare/images/98.png,nasare/masks/98.png
nasare/images/244_2.png,nasare/masks/244_2.png
nasare/images/24_1.png,nasare/masks/24_1.png
nasare/images/113_1.png,nasare/masks/113_1.png
nasare/images/128_3.png,nasare/masks/128_3.png
nasare/images/194_2.png,nasare/masks/194_2.png
nasare/images/226_0.png,nasare/masks/226_0.png
nasare/images/390_0.png,nasare/masks/390_0.png
nasare/images/140_4.png,nasare/masks/140_4.png
nasare/images/346_0.png,nasare/masks/346_0.png
nasare/images/408_2.png,nasare/masks/408_2.png
nasare/images/345_3.png,nasare/masks/345_3.png
nasare/images/98_4.png,nasare/masks/98_4.png
nasare/images/167.png,nasare/masks/167.png
nasare/images/56_1.png,nasare/masks/56_1.png
nasare/images/71_3.png,nasare/masks/71_3.png
nasare/images/117_0.png,nasare/masks/117_0.png
nasare/images/213.png,nasare/masks/213.png
nasare/images/30_2.png,nasare/masks/30_2.png
nasare/images/43_3.png,nasare/masks/43_3.png
nasare/images/63_2.png,nasare/masks/63_2.png
nasare/images/204_1.png,nasare/masks/204_1.png
nasare/images/87_3.png,nasare/masks/87_3.png
nasare/images/359_1.png,nasare/masks/359_1.png
nasare/images/189_4.png,nasare/masks/189_4.png
nasare/images/67.png,nasare/masks/67.png
nasare/images/111.png,nasare/masks/111.png
nasare/images/192.png,nasare/masks/192.png
nasare/images/404_3.png,nasare/masks/404_3.png
nasare/images/410.png,nasare/masks/410.png
nasare/images/89_0.png,nasare/masks/89_0.png
nasare/images/60_0.png,nasare/masks/60_0.png
nasare/images/54.png,nasare/masks/54.png
nasare/images/206.png,nasare/masks/206.png
nasare/images/107_4.png,nasare/masks/107_4.png
nasare/images/203_4.png,nasare/masks/203_4.png
nasare/images/266_1.png,nasare/masks/266_1.png
nasare/images/122.png,nasare/masks/122.png
nasare/images/81_3.png,nasare/masks/81_3.png
nasare/images/344_2.png,nasare/masks/344_2.png
nasare/images/175_1.png,nasare/masks/175_1.png
nasare/images/5_2.png,nasare/masks/5_2.png
nasare/images/241.png,nasare/masks/241.png
nasare/images/85_1.png,nasare/masks/85_1.png
nasare/images/90_0.png,nasare/masks/90_0.png
nasare/images/408_4.png,nasare/masks/408_4.png
nasare/images/260_1.png,nasare/masks/260_1.png
nasare/images/54_4.png,nasare/masks/54_4.png
nasare/images/390.png,nasare/masks/390.png
nasare/images/393_2.png,nasare/masks/393_2.png
nasare/images/26_3.png,nasare/masks/26_3.png
nasare/images/238_4.png,nasare/masks/238_4.png
nasare/images/213_0.png,nasare/masks/213_0.png
nasare/images/57_0.png,nasare/masks/57_0.png
nasare/images/198_2.png,nasare/masks/198_2.png
nasare/images/234_3.png,nasare/masks/234_3.png
nasare/images/50_4.png,nasare/masks/50_4.png
nasare/images/381_2.png,nasare/masks/381_2.png
nasare/images/241_1.png,nasare/masks/241_1.png
nasare/images/306_1.png,nasare/masks/306_1.png
nasare/images/385_3.png,nasare/masks/385_3.png
nasare/images/69_0.png,nasare/masks/69_0.png
nasare/images/368_4.png,nasare/masks/368_4.png
nasare/images/31_2.png,nasare/masks/31_2.png
nasare/images/396_0.png,nasare/masks/396_0.png
nasare/images/305.png,nasare/masks/305.png
nasare/images/187_4.png,nasare/masks/187_4.png
nasare/images/405.png,nasare/masks/405.png
nasare/images/401_0.png,nasare/masks/401_0.png
nasare/images/222.png,nasare/masks/222.png
nasare/images/75_3.png,nasare/masks/75_3.png
nasare/images/306_0.png,nasare/masks/306_0.png
nasare/images/155_1.png,nasare/masks/155_1.png
nasare/images/371_2.png,nasare/masks/371_2.png
nasare/images/60.png,nasare/masks/60.png
nasare/images/71_2.png,nasare/masks/71_2.png
nasare/images/354_0.png,nasare/masks/354_0.png
nasare/images/212_3.png,nasare/masks/212_3.png
nasare/images/294_2.png,nasare/masks/294_2.png
nasare/images/118_4.png,nasare/masks/118_4.png
nasare/images/84_2.png,nasare/masks/84_2.png
nasare/images/335_2.png,nasare/masks/335_2.png
nasare/images/102.png,nasare/masks/102.png
nasare/images/136_0.png,nasare/masks/136_0.png
nasare/images/262_4.png,nasare/masks/262_4.png
nasare/images/194_3.png,nasare/masks/194_3.png
nasare/images/200_3.png,nasare/masks/200_3.png
nasare/images/391_0.png,nasare/masks/391_0.png
nasare/images/121_0.png,nasare/masks/121_0.png
nasare/images/349_1.png,nasare/masks/349_1.png
nasare/images/329_0.png,nasare/masks/329_0.png
nasare/images/93_1.png,nasare/masks/93_1.png
nasare/images/129_0.png,nasare/masks/129_0.png
nasare/images/8_4.png,nasare/masks/8_4.png
nasare/images/15_2.png,nasare/masks/15_2.png
nasare/images/223_4.png,nasare/masks/223_4.png
nasare/images/213_4.png,nasare/masks/213_4.png
nasare/images/329.png,nasare/masks/329.png
nasare/images/353_1.png,nasare/masks/353_1.png
nasare/images/403_4.png,nasare/masks/403_4.png
nasare/images/74_2.png,nasare/masks/74_2.png
nasare/images/16_1.png,nasare/masks/16_1.png
nasare/images/166_1.png,nasare/masks/166_1.png
nasare/images/23_1.png,nasare/masks/23_1.png
nasare/images/10_1.png,nasare/masks/10_1.png
nasare/images/84_1.png,nasare/masks/84_1.png
nasare/images/38_0.png,nasare/masks/38_0.png
nasare/images/352_2.png,nasare/masks/352_2.png
nasare/images/47_4.png,nasare/masks/47_4.png
nasare/images/16_4.png,nasare/masks/16_4.png
nasare/images/180_4.png,nasare/masks/180_4.png
nasare/images/182.png,nasare/masks/182.png
nasare/images/118_1.png,nasare/masks/118_1.png
nasare/images/4_0.png,nasare/masks/4_0.png
nasare/images/393_0.png,nasare/masks/393_0.png
nasare/images/405_0.png,nasare/masks/405_0.png
nasare/images/25_0.png,nasare/masks/25_0.png
nasare/images/232_4.png,nasare/masks/232_4.png
nasare/images/38.png,nasare/masks/38.png
nasare/images/37_0.png,nasare/masks/37_0.png
nasare/images/104_4.png,nasare/masks/104_4.png
nasare/images/141_3.png,nasare/masks/141_3.png
nasare/images/158_3.png,nasare/masks/158_3.png
nasare/images/385_0.png,nasare/masks/385_0.png
nasare/images/65_2.png,nasare/masks/65_2.png
nasare/images/45_4.png,nasare/masks/45_4.png
nasare/images/134_3.png,nasare/masks/134_3.png
nasare/images/120_3.png,nasare/masks/120_3.png
nasare/images/117_3.png,nasare/masks/117_3.png
nasare/images/1.png,nasare/masks/1.png
nasare/images/112_1.png,nasare/masks/112_1.png
nasare/images/185_4.png,nasare/masks/185_4.png
nasare/images/28.png,nasare/masks/28.png
nasare/images/51_3.png,nasare/masks/51_3.png
nasare/images/240.png,nasare/masks/240.png
nasare/images/405_4.png,nasare/masks/405_4.png
nasare/images/357_2.png,nasare/masks/357_2.png
nasare/images/211_2.png,nasare/masks/211_2.png
nasare/images/233_4.png,nasare/masks/233_4.png
nasare/images/139_4.png,nasare/masks/139_4.png
nasare/images/86_3.png,nasare/masks/86_3.png
nasare/images/193_1.png,nasare/masks/193_1.png
nasare/images/0_0.png,nasare/masks/0_0.png
nasare/images/76_4.png,nasare/masks/76_4.png
nasare/images/93_0.png,nasare/masks/93_0.png
nasare/images/367_2.png,nasare/masks/367_2.png
nasare/images/3_1.png,nasare/masks/3_1.png
nasare/images/157_4.png,nasare/masks/157_4.png
nasare/images/264_4.png,nasare/masks/264_4.png
nasare/images/251_2.png,nasare/masks/251_2.png
nasare/images/147.png,nasare/masks/147.png
nasare/images/219_0.png,nasare/masks/219_0.png
nasare/images/401_1.png,nasare/masks/401_1.png
nasare/images/1_0.png,nasare/masks/1_0.png
nasare/images/258.png,nasare/masks/258.png
nasare/images/388.png,nasare/masks/388.png
nasare/images/42_0.png,nasare/masks/42_0.png
nasare/images/124.png,nasare/masks/124.png
nasare/images/93_4.png,nasare/masks/93_4.png
nasare/images/211.png,nasare/masks/211.png
nasare/images/124_3.png,nasare/masks/124_3.png
nasare/images/23_4.png,nasare/masks/23_4.png
nasare/images/382_0.png,nasare/masks/382_0.png
nasare/images/369.png,nasare/masks/369.png
nasare/images/370_4.png,nasare/masks/370_4.png
nasare/images/206_0.png,nasare/masks/206_0.png
nasare/images/386_0.png,nasare/masks/386_0.png
nasare/images/181_1.png,nasare/masks/181_1.png
nasare/images/55_1.png,nasare/masks/55_1.png
nasare/images/40_0.png,nasare/masks/40_0.png
nasare/images/79_1.png,nasare/masks/79_1.png
nasare/images/197.png,nasare/masks/197.png
nasare/images/35_4.png,nasare/masks/35_4.png
nasare/images/393_1.png,nasare/masks/393_1.png
nasare/images/68.png,nasare/masks/68.png
nasare/images/160.png,nasare/masks/160.png
nasare/images/66_1.png,nasare/masks/66_1.png
nasare/images/363_0.png,nasare/masks/363_0.png
nasare/images/124_2.png,nasare/masks/124_2.png
nasare/images/210_4.png,nasare/masks/210_4.png
nasare/images/58_4.png,nasare/masks/58_4.png
nasare/images/70_1.png,nasare/masks/70_1.png
nasare/images/234.png,nasare/masks/234.png
nasare/images/24_0.png,nasare/masks/24_0.png
nasare/images/384_4.png,nasare/masks/384_4.png
nasare/images/251.png,nasare/masks/251.png
nasare/images/352_3.png,nasare/masks/352_3.png
nasare/images/334_1.png,nasare/masks/334_1.png
nasare/images/131.png,nasare/masks/131.png
nasare/images/358_4.png,nasare/masks/358_4.png
nasare/images/22_3.png,nasare/masks/22_3.png
nasare/images/111_2.png,nasare/masks/111_2.png
nasare/images/404_1.png,nasare/masks/404_1.png
nasare/images/386_2.png,nasare/masks/386_2.png
nasare/images/183_0.png,nasare/masks/183_0.png
nasare/images/91_2.png,nasare/masks/91_2.png
nasare/images/325_2.png,nasare/masks/325_2.png
nasare/images/147_1.png,nasare/masks/147_1.png
nasare/images/213_2.png,nasare/masks/213_2.png
nasare/images/43_1.png,nasare/masks/43_1.png
nasare/images/268_1.png,nasare/masks/268_1.png
nasare/images/41_3.png,nasare/masks/41_3.png
nasare/images/181_4.png,nasare/masks/181_4.png
nasare/images/62_2.png,nasare/masks/62_2.png
nasare/images/352_1.png,nasare/masks/352_1.png
nasare/images/367_4.png,nasare/masks/367_4.png
nasare/images/118_2.png,nasare/masks/118_2.png
nasare/images/297.png,nasare/masks/297.png
nasare/images/97_4.png,nasare/masks/97_4.png
nasare/images/205.png,nasare/masks/205.png
nasare/images/3_4.png,nasare/masks/3_4.png
nasare/images/368_3.png,nasare/masks/368_3.png
nasare/images/112.png,nasare/masks/112.png
nasare/images/140_0.png,nasare/masks/140_0.png
nasare/images/187_2.png,nasare/masks/187_2.png
nasare/images/49_2.png,nasare/masks/49_2.png
nasare/images/189_3.png,nasare/masks/189_3.png
nasare/images/34_0.png,nasare/masks/34_0.png
nasare/images/169_4.png,nasare/masks/169_4.png
nasare/images/238.png,nasare/masks/238.png
nasare/images/383_3.png,nasare/masks/383_3.png
nasare/images/204_0.png,nasare/masks/204_0.png
nasare/images/408_1.png,nasare/masks/408_1.png
nasare/images/79_4.png,nasare/masks/79_4.png
nasare/images/229_4.png,nasare/masks/229_4.png
nasare/images/58_3.png,nasare/masks/58_3.png
nasare/images/178_3.png,nasare/masks/178_3.png
nasare/images/220_1.png,nasare/masks/220_1.png
nasare/images/57.png,nasare/masks/57.png
nasare/images/226_2.png,nasare/masks/226_2.png
nasare/images/27_0.png,nasare/masks/27_0.png
nasare/images/151_0.png,nasare/masks/151_0.png
nasare/images/111_0.png,nasare/masks/111_0.png
nasare/images/172_1.png,nasare/masks/172_1.png
nasare/images/269_4.png,nasare/masks/269_4.png
nasare/images/135_3.png,nasare/masks/135_3.png
nasare/images/92.png,nasare/masks/92.png
nasare/images/370.png,nasare/masks/370.png
nasare/images/148_2.png,nasare/masks/148_2.png
nasare/images/38_4.png,nasare/masks/38_4.png
nasare/images/163_0.png,nasare/masks/163_0.png
nasare/images/230_0.png,nasare/masks/230_0.png
nasare/images/157_3.png,nasare/masks/157_3.png
nasare/images/103_0.png,nasare/masks/103_0.png
nasare/images/82_4.png,nasare/masks/82_4.png
nasare/images/91_0.png,nasare/masks/91_0.png
nasare/images/125_4.png,nasare/masks/125_4.png
nasare/images/122_3.png,nasare/masks/122_3.png
nasare/images/138_2.png,nasare/masks/138_2.png
nasare/images/343_3.png,nasare/masks/343_3.png
nasare/images/108_4.png,nasare/masks/108_4.png
nasare/images/364_3.png,nasare/masks/364_3.png
nasare/images/41_2.png,nasare/masks/41_2.png
nasare/images/172_2.png,nasare/masks/172_2.png
nasare/images/22_0.png,nasare/masks/22_0.png
nasare/images/56_4.png,nasare/masks/56_4.png
nasare/images/42_2.png,nasare/masks/42_2.png
nasare/images/217.png,nasare/masks/217.png
nasare/images/134_2.png,nasare/masks/134_2.png
nasare/images/331_1.png,nasare/masks/331_1.png
nasare/images/12_0.png,nasare/masks/12_0.png
nasare/images/152_0.png,nasare/masks/152_0.png
nasare/images/179_1.png,nasare/masks/179_1.png
nasare/images/380_0.png,nasare/masks/380_0.png
nasare/images/219_1.png,nasare/masks/219_1.png
nasare/images/402_2.png,nasare/masks/402_2.png
nasare/images/92_2.png,nasare/masks/92_2.png
nasare/images/77.png,nasare/masks/77.png
nasare/images/223_3.png,nasare/masks/223_3.png
nasare/images/119.png,nasare/masks/119.png
nasare/images/335_1.png,nasare/masks/335_1.png
nasare/images/385_4.png,nasare/masks/385_4.png
nasare/images/46_4.png,nasare/masks/46_4.png
nasare/images/94_2.png,nasare/masks/94_2.png
nasare/images/87_2.png,nasare/masks/87_2.png
nasare/images/207_1.png,nasare/masks/207_1.png
nasare/images/241_2.png,nasare/masks/241_2.png
nasare/images/297_3.png,nasare/masks/297_3.png
nasare/images/39.png,nasare/masks/39.png
nasare/images/248_3.png,nasare/masks/248_3.png
nasare/images/364.png,nasare/masks/364.png
nasare/images/109_4.png,nasare/masks/109_4.png
nasare/images/168_3.png,nasare/masks/168_3.png
nasare/images/162_4.png,nasare/masks/162_4.png
nasare/images/261_4.png,nasare/masks/261_4.png
nasare/images/200_2.png,nasare/masks/200_2.png
nasare/images/62_4.png,nasare/masks/62_4.png
nasare/images/122_4.png,nasare/masks/122_4.png
nasare/images/374.png,nasare/masks/374.png
nasare/images/404_2.png,nasare/masks/404_2.png
nasare/images/354_1.png,nasare/masks/354_1.png
nasare/images/151_1.png,nasare/masks/151_1.png
nasare/images/156_2.png,nasare/masks/156_2.png
nasare/images/2_2.png,nasare/masks/2_2.png
nasare/images/73_0.png,nasare/masks/73_0.png
nasare/images/257_3.png,nasare/masks/257_3.png
nasare/images/231_2.png,nasare/masks/231_2.png
nasare/images/374_3.png,nasare/masks/374_3.png
nasare/images/409_1.png,nasare/masks/409_1.png
nasare/images/3_3.png,nasare/masks/3_3.png
nasare/images/19.png,nasare/masks/19.png
nasare/images/26_4.png,nasare/masks/26_4.png
nasare/images/186_3.png,nasare/masks/186_3.png
nasare/images/266.png,nasare/masks/266.png
nasare/images/148_0.png,nasare/masks/148_0.png
nasare/images/28_0.png,nasare/masks/28_0.png
nasare/images/379_3.png,nasare/masks/379_3.png
nasare/images/258_4.png,nasare/masks/258_4.png
nasare/images/205_0.png,nasare/masks/205_0.png
nasare/images/71_4.png,nasare/masks/71_4.png
nasare/images/10_0.png,nasare/masks/10_0.png
nasare/images/347_3.png,nasare/masks/347_3.png
nasare/images/60_4.png,nasare/masks/60_4.png
nasare/images/249_1.png,nasare/masks/249_1.png
nasare/images/52_4.png,nasare/masks/52_4.png
nasare/images/225_4.png,nasare/masks/225_4.png
nasare/images/97_3.png,nasare/masks/97_3.png
nasare/images/396_2.png,nasare/masks/396_2.png
nasare/images/47_1.png,nasare/masks/47_1.png
nasare/images/18_1.png,nasare/masks/18_1.png
nasare/images/374_2.png,nasare/masks/374_2.png
nasare/images/123_1.png,nasare/masks/123_1.png
nasare/images/74_1.png,nasare/masks/74_1.png
nasare/images/251_3.png,nasare/masks/251_3.png
nasare/images/44_3.png,nasare/masks/44_3.png
nasare/images/235.png,nasare/masks/235.png
nasare/images/409_2.png,nasare/masks/409_2.png
nasare/images/4_3.png,nasare/masks/4_3.png
nasare/images/217_2.png,nasare/masks/217_2.png
nasare/images/92_3.png,nasare/masks/92_3.png
nasare/images/7_2.png,nasare/masks/7_2.png
nasare/images/138_3.png,nasare/masks/138_3.png
nasare/images/178_2.png,nasare/masks/178_2.png
nasare/images/84_3.png,nasare/masks/84_3.png
nasare/images/31_1.png,nasare/masks/31_1.png
nasare/images/191_4.png,nasare/masks/191_4.png
nasare/images/364_2.png,nasare/masks/364_2.png
nasare/images/403_0.png,nasare/masks/403_0.png
nasare/images/111_3.png,nasare/masks/111_3.png
nasare/images/8_1.png,nasare/masks/8_1.png
nasare/images/10_2.png,nasare/masks/10_2.png
nasare/images/105_0.png,nasare/masks/105_0.png
nasare/images/156_1.png,nasare/masks/156_1.png
nasare/images/373_3.png,nasare/masks/373_3.png
nasare/images/74_4.png,nasare/masks/74_4.png
nasare/images/95_0.png,nasare/masks/95_0.png
nasare/images/85_2.png,nasare/masks/85_2.png
nasare/images/58_0.png,nasare/masks/58_0.png
nasare/images/364_0.png,nasare/masks/364_0.png
nasare/images/110_0.png,nasare/masks/110_0.png
nasare/images/204.png,nasare/masks/204.png
nasare/images/50_3.png,nasare/masks/50_3.png
nasare/images/11_1.png,nasare/masks/11_1.png
nasare/images/224_4.png,nasare/masks/224_4.png
nasare/images/406_1.png,nasare/masks/406_1.png
nasare/images/93_2.png,nasare/masks/93_2.png
nasare/images/343_4.png,nasare/masks/343_4.png
nasare/images/250_2.png,nasare/masks/250_2.png
nasare/images/250_0.png,nasare/masks/250_0.png
nasare/images/406_0.png,nasare/masks/406_0.png
nasare/images/335_4.png,nasare/masks/335_4.png
nasare/images/7_3.png,nasare/masks/7_3.png
nasare/images/251_0.png,nasare/masks/251_0.png
nasare/images/213_1.png,nasare/masks/213_1.png
nasare/images/349_3.png,nasare/masks/349_3.png
nasare/images/360.png,nasare/masks/360.png
nasare/images/104_1.png,nasare/masks/104_1.png
nasare/images/391.png,nasare/masks/391.png
nasare/images/234_4.png,nasare/masks/234_4.png
nasare/images/101_2.png,nasare/masks/101_2.png
nasare/images/119_4.png,nasare/masks/119_4.png
nasare/images/263_4.png,nasare/masks/263_4.png
nasare/images/141_0.png,nasare/masks/141_0.png
nasare/images/354.png,nasare/masks/354.png
nasare/images/126_3.png,nasare/masks/126_3.png
nasare/images/44_0.png,nasare/masks/44_0.png
nasare/images/19_3.png,nasare/masks/19_3.png
nasare/images/17_2.png,nasare/masks/17_2.png
nasare/images/109_3.png,nasare/masks/109_3.png
nasare/images/0_4.png,nasare/masks/0_4.png
nasare/images/143_0.png,nasare/masks/143_0.png
nasare/images/185_0.png,nasare/masks/185_0.png
nasare/images/64.png,nasare/masks/64.png
nasare/images/348.png,nasare/masks/348.png
nasare/images/103_2.png,nasare/masks/103_2.png
nasare/images/396.png,nasare/masks/396.png
nasare/images/117.png,nasare/masks/117.png
nasare/images/106_1.png,nasare/masks/106_1.png
nasare/images/27_1.png,nasare/masks/27_1.png
nasare/images/54_0.png,nasare/masks/54_0.png
nasare/images/20_3.png,nasare/masks/20_3.png
nasare/images/189_2.png,nasare/masks/189_2.png
nasare/images/162_1.png,nasare/masks/162_1.png
nasare/images/48_3.png,nasare/masks/48_3.png
nasare/images/28_2.png,nasare/masks/28_2.png
nasare/images/2_4.png,nasare/masks/2_4.png
nasare/images/127.png,nasare/masks/127.png
nasare/images/32_0.png,nasare/masks/32_0.png
nasare/images/240_2.png,nasare/masks/240_2.png
nasare/images/201_4.png,nasare/masks/201_4.png
nasare/images/126_4.png,nasare/masks/126_4.png
nasare/images/151_3.png,nasare/masks/151_3.png
nasare/images/244_3.png,nasare/masks/244_3.png
nasare/images/151.png,nasare/masks/151.png
nasare/images/258_2.png,nasare/masks/258_2.png
nasare/images/240_1.png,nasare/masks/240_1.png
nasare/images/352_4.png,nasare/masks/352_4.png
nasare/images/46_3.png,nasare/masks/46_3.png
nasare/images/406_4.png,nasare/masks/406_4.png
nasare/images/138_1.png,nasare/masks/138_1.png
nasare/images/329_2.png,nasare/masks/329_2.png
nasare/images/356_1.png,nasare/masks/356_1.png
nasare/images/241_4.png,nasare/masks/241_4.png
nasare/images/410_2.png,nasare/masks/410_2.png
nasare/images/49_3.png,nasare/masks/49_3.png
nasare/images/141_4.png,nasare/masks/141_4.png
nasare/images/137_2.png,nasare/masks/137_2.png
nasare/images/344_3.png,nasare/masks/344_3.png
nasare/images/372.png,nasare/masks/372.png
nasare/images/409.png,nasare/masks/409.png
nasare/images/209_2.png,nasare/masks/209_2.png
nasare/images/53.png,nasare/masks/53.png
nasare/images/193.png,nasare/masks/193.png
nasare/images/30_4.png,nasare/masks/30_4.png
nasare/images/5.png,nasare/masks/5.png
nasare/images/123_0.png,nasare/masks/123_0.png
nasare/images/209_4.png,nasare/masks/209_4.png
nasare/images/41.png,nasare/masks/41.png
nasare/images/226_3.png,nasare/masks/226_3.png
nasare/images/94.png,nasare/masks/94.png
nasare/images/68_3.png,nasare/masks/68_3.png
nasare/images/48_1.png,nasare/masks/48_1.png
nasare/images/27_3.png,nasare/masks/27_3.png
nasare/images/69.png,nasare/masks/69.png
nasare/images/180_1.png,nasare/masks/180_1.png
nasare/images/148_3.png,nasare/masks/148_3.png
nasare/images/69_2.png,nasare/masks/69_2.png
nasare/images/153_4.png,nasare/masks/153_4.png
nasare/images/121_3.png,nasare/masks/121_3.png
nasare/images/396_1.png,nasare/masks/396_1.png
nasare/images/55_4.png,nasare/masks/55_4.png
nasare/images/201_1.png,nasare/masks/201_1.png
nasare/images/411_2.png,nasare/masks/411_2.png
nasare/images/357.png,nasare/masks/357.png
nasare/images/197_1.png,nasare/masks/197_1.png
nasare/images/330_1.png,nasare/masks/330_1.png
nasare/images/135_0.png,nasare/masks/135_0.png
nasare/images/383.png,nasare/masks/383.png
nasare/images/325_3.png,nasare/masks/325_3.png
nasare/images/192_4.png,nasare/masks/192_4.png
nasare/images/86_2.png,nasare/masks/86_2.png
nasare/images/143_4.png,nasare/masks/143_4.png
nasare/images/186_2.png,nasare/masks/186_2.png
nasare/images/366_0.png,nasare/masks/366_0.png
nasare/images/24_2.png,nasare/masks/24_2.png
nasare/images/173_2.png,nasare/masks/173_2.png
nasare/images/122_2.png,nasare/masks/122_2.png
nasare/images/387_3.png,nasare/masks/387_3.png
nasare/images/374_4.png,nasare/masks/374_4.png
nasare/images/305_0.png,nasare/masks/305_0.png
nasare/images/157_1.png,nasare/masks/157_1.png
nasare/images/114_2.png,nasare/masks/114_2.png
nasare/images/33.png,nasare/masks/33.png
nasare/images/200_4.png,nasare/masks/200_4.png
nasare/images/240_0.png,nasare/masks/240_0.png
nasare/images/405_1.png,nasare/masks/405_1.png
nasare/images/83_4.png,nasare/masks/83_4.png
nasare/images/403_2.png,nasare/masks/403_2.png
nasare/images/371_3.png,nasare/masks/371_3.png
nasare/images/80_0.png,nasare/masks/80_0.png
nasare/images/93_3.png,nasare/masks/93_3.png
nasare/images/153_2.png,nasare/masks/153_2.png
nasare/images/14_2.png,nasare/masks/14_2.png
nasare/images/141.png,nasare/masks/141.png
nasare/images/367_0.png,nasare/masks/367_0.png
nasare/images/348_3.png,nasare/masks/348_3.png
nasare/images/64_2.png,nasare/masks/64_2.png
nasare/images/47_0.png,nasare/masks/47_0.png
nasare/images/399_2.png,nasare/masks/399_2.png
nasare/images/401_3.png,nasare/masks/401_3.png
nasare/images/125_1.png,nasare/masks/125_1.png
nasare/images/56_3.png,nasare/masks/56_3.png
nasare/images/231_4.png,nasare/masks/231_4.png
nasare/images/244_4.png,nasare/masks/244_4.png
nasare/images/202_2.png,nasare/masks/202_2.png
nasare/images/111_4.png,nasare/masks/111_4.png
nasare/images/4_4.png,nasare/masks/4_4.png
nasare/images/50_0.png,nasare/masks/50_0.png
nasare/images/44_4.png,nasare/masks/44_4.png
nasare/images/371_4.png,nasare/masks/371_4.png
nasare/images/192_0.png,nasare/masks/192_0.png
nasare/images/127_3.png,nasare/masks/127_3.png
nasare/images/145_2.png,nasare/masks/145_2.png
nasare/images/95_1.png,nasare/masks/95_1.png
nasare/images/200.png,nasare/masks/200.png
nasare/images/35_1.png,nasare/masks/35_1.png
nasare/images/85_0.png,nasare/masks/85_0.png
nasare/images/18_2.png,nasare/masks/18_2.png
nasare/images/333_0.png,nasare/masks/333_0.png
nasare/images/373_2.png,nasare/masks/373_2.png
nasare/images/152_4.png,nasare/masks/152_4.png
nasare/images/265_3.png,nasare/masks/265_3.png
nasare/images/333_3.png,nasare/masks/333_3.png
nasare/images/390_2.png,nasare/masks/390_2.png
nasare/images/72_2.png,nasare/masks/72_2.png
nasare/images/162_2.png,nasare/masks/162_2.png
nasare/images/86_0.png,nasare/masks/86_0.png
nasare/images/262_0.png,nasare/masks/262_0.png
nasare/images/199_3.png,nasare/masks/199_3.png
nasare/images/101_1.png,nasare/masks/101_1.png
nasare/images/102_1.png,nasare/masks/102_1.png
nasare/images/45_0.png,nasare/masks/45_0.png
nasare/images/17_4.png,nasare/masks/17_4.png
nasare/images/223_2.png,nasare/masks/223_2.png
nasare/images/250_3.png,nasare/masks/250_3.png
nasare/images/316_0.png,nasare/masks/316_0.png
nasare/images/402_0.png,nasare/masks/402_0.png
nasare/images/6_3.png,nasare/masks/6_3.png
nasare/images/91_4.png,nasare/masks/91_4.png
nasare/images/383_2.png,nasare/masks/383_2.png
nasare/images/388_1.png,nasare/masks/388_1.png
nasare/images/71_1.png,nasare/masks/71_1.png
nasare/images/38_2.png,nasare/masks/38_2.png
nasare/images/22_2.png,nasare/masks/22_2.png
nasare/images/63_3.png,nasare/masks/63_3.png
nasare/images/151_4.png,nasare/masks/151_4.png
nasare/images/386_4.png,nasare/masks/386_4.png
nasare/images/203_2.png,nasare/masks/203_2.png
nasare/images/28_3.png,nasare/masks/28_3.png
nasare/images/38_1.png,nasare/masks/38_1.png
nasare/images/200_1.png,nasare/masks/200_1.png
nasare/images/124_1.png,nasare/masks/124_1.png
nasare/images/400_0.png,nasare/masks/400_0.png
nasare/images/253_0.png,nasare/masks/253_0.png
nasare/images/370_3.png,nasare/masks/370_3.png
nasare/images/105_3.png,nasare/masks/105_3.png
nasare/images/32_2.png,nasare/masks/32_2.png
nasare/images/137_1.png,nasare/masks/137_1.png
nasare/images/204_4.png,nasare/masks/204_4.png
nasare/images/294_4.png,nasare/masks/294_4.png
nasare/images/54_2.png,nasare/masks/54_2.png
nasare/images/114_1.png,nasare/masks/114_1.png
nasare/images/211_1.png,nasare/masks/211_1.png
nasare/images/402.png,nasare/masks/402.png
nasare/images/380_4.png,nasare/masks/380_4.png
nasare/images/395_0.png,nasare/masks/395_0.png
nasare/images/334_4.png,nasare/masks/334_4.png
nasare/images/49_4.png,nasare/masks/49_4.png
nasare/images/393.png,nasare/masks/393.png
nasare/images/114.png,nasare/masks/114.png
nasare/images/134_1.png,nasare/masks/134_1.png
nasare/images/53_0.png,nasare/masks/53_0.png
nasare/images/95.png,nasare/masks/95.png
nasare/images/90.png,nasare/masks/90.png
nasare/images/109_0.png,nasare/masks/109_0.png
nasare/images/63_4.png,nasare/masks/63_4.png
nasare/images/261.png,nasare/masks/261.png
nasare/images/361_3.png,nasare/masks/361_3.png
nasare/images/110_1.png,nasare/masks/110_1.png
nasare/images/24_4.png,nasare/masks/24_4.png
nasare/images/25_2.png,nasare/masks/25_2.png
nasare/images/369_2.png,nasare/masks/369_2.png
nasare/images/205_4.png,nasare/masks/205_4.png
nasare/images/198_4.png,nasare/masks/198_4.png
nasare/images/369_1.png,nasare/masks/369_1.png
nasare/images/230_2.png,nasare/masks/230_2.png
nasare/images/167_4.png,nasare/masks/167_4.png
nasare/images/390_3.png,nasare/masks/390_3.png
nasare/images/105_4.png,nasare/masks/105_4.png
nasare/images/86_4.png,nasare/masks/86_4.png
nasare/images/179_0.png,nasare/masks/179_0.png
nasare/images/155_4.png,nasare/masks/155_4.png
nasare/images/371.png,nasare/masks/371.png
nasare/images/98_1.png,nasare/masks/98_1.png
nasare/images/18_3.png,nasare/masks/18_3.png
nasare/images/10_4.png,nasare/masks/10_4.png
nasare/images/262_3.png,nasare/masks/262_3.png
nasare/images/404_4.png,nasare/masks/404_4.png
nasare/images/166.png,nasare/masks/166.png
nasare/images/244_1.png,nasare/masks/244_1.png
nasare/images/231_0.png,nasare/masks/231_0.png
nasare/images/106_3.png,nasare/masks/106_3.png
nasare/images/147_2.png,nasare/masks/147_2.png
nasare/images/187.png,nasare/masks/187.png
nasare/images/201.png,nasare/masks/201.png
nasare/images/203.png,nasare/masks/203.png
nasare/images/401_2.png,nasare/masks/401_2.png
nasare/images/5_3.png,nasare/masks/5_3.png
nasare/images/297_1.png,nasare/masks/297_1.png
nasare/images/142_0.png,nasare/masks/142_0.png
nasare/images/191_1.png,nasare/masks/191_1.png
nasare/images/86.png,nasare/masks/86.png
nasare/images/375_0.png,nasare/masks/375_0.png
nasare/images/268_4.png,nasare/masks/268_4.png
nasare/images/16.png,nasare/masks/16.png
nasare/images/131_0.png,nasare/masks/131_0.png
nasare/images/155.png,nasare/masks/155.png
nasare/images/88_4.png,nasare/masks/88_4.png
nasare/images/55_0.png,nasare/masks/55_0.png
nasare/images/82.png,nasare/masks/82.png
nasare/images/87_1.png,nasare/masks/87_1.png
nasare/images/25_1.png,nasare/masks/25_1.png
nasare/images/80_2.png,nasare/masks/80_2.png
nasare/images/361_1.png,nasare/masks/361_1.png
nasare/images/181_2.png,nasare/masks/181_2.png
nasare/images/144_0.png,nasare/masks/144_0.png
nasare/images/132_2.png,nasare/masks/132_2.png
nasare/images/170_0.png,nasare/masks/170_0.png
nasare/images/76_1.png,nasare/masks/76_1.png
nasare/images/260_4.png,nasare/masks/260_4.png
nasare/images/377_2.png,nasare/masks/377_2.png
nasare/images/37.png,nasare/masks/37.png
nasare/images/119_3.png,nasare/masks/119_3.png
nasare/images/363_2.png,nasare/masks/363_2.png
nasare/images/111_1.png,nasare/masks/111_1.png
nasare/images/265_2.png,nasare/masks/265_2.png
nasare/images/47_3.png,nasare/masks/47_3.png
nasare/images/260_3.png,nasare/masks/260_3.png
nasare/images/42.png,nasare/masks/42.png
nasare/images/399_4.png,nasare/masks/399_4.png
nasare/images/403_3.png,nasare/masks/403_3.png
nasare/images/70_3.png,nasare/masks/70_3.png
nasare/images/360_3.png,nasare/masks/360_3.png
nasare/images/197_0.png,nasare/masks/197_0.png
nasare/images/51_0.png,nasare/masks/51_0.png
nasare/images/199_0.png,nasare/masks/199_0.png
nasare/images/62_0.png,nasare/masks/62_0.png
nasare/images/344.png,nasare/masks/344.png
nasare/images/90_4.png,nasare/masks/90_4.png
nasare/images/118_0.png,nasare/masks/118_0.png
nasare/images/219.png,nasare/masks/219.png
nasare/images/217_0.png,nasare/masks/217_0.png
nasare/images/15_4.png,nasare/masks/15_4.png
nasare/images/231_3.png,nasare/masks/231_3.png
nasare/images/7.png,nasare/masks/7.png
nasare/images/379_4.png,nasare/masks/379_4.png
nasare/images/83_1.png,nasare/masks/83_1.png
nasare/images/173_4.png,nasare/masks/173_4.png
nasare/images/76_3.png,nasare/masks/76_3.png
nasare/images/387_2.png,nasare/masks/387_2.png
nasare/images/229.png,nasare/masks/229.png
nasare/images/123.png,nasare/masks/123.png
nasare/images/89.png,nasare/masks/89.png
nasare/images/335_3.png,nasare/masks/335_3.png
nasare/images/70_0.png,nasare/masks/70_0.png
nasare/images/222_2.png,nasare/masks/222_2.png
nasare/images/146_2.png,nasare/masks/146_2.png
nasare/images/269_1.png,nasare/masks/269_1.png
nasare/images/249.png,nasare/masks/249.png
nasare/images/105_2.png,nasare/masks/105_2.png
nasare/images/73_3.png,nasare/masks/73_3.png
nasare/images/40_1.png,nasare/masks/40_1.png
nasare/images/382_3.png,nasare/masks/382_3.png
nasare/images/22_1.png,nasare/masks/22_1.png
nasare/images/82_2.png,nasare/masks/82_2.png
nasare/images/158_1.png,nasare/masks/158_1.png
nasare/images/224_2.png,nasare/masks/224_2.png
nasare/images/112_4.png,nasare/masks/112_4.png
nasare/images/78.png,nasare/masks/78.png
nasare/images/144_4.png,nasare/masks/144_4.png
nasare/images/210_0.png,nasare/masks/210_0.png
nasare/images/356_3.png,nasare/masks/356_3.png
nasare/images/226_4.png,nasare/masks/226_4.png
nasare/images/113.png,nasare/masks/113.png
nasare/images/108_0.png,nasare/masks/108_0.png
nasare/images/23_3.png,nasare/masks/23_3.png
nasare/images/153_3.png,nasare/masks/153_3.png
nasare/images/69_1.png,nasare/masks/69_1.png
nasare/images/360_1.png,nasare/masks/360_1.png
nasare/images/92_0.png,nasare/masks/92_0.png
nasare/images/86_1.png,nasare/masks/86_1.png
nasare/images/80.png,nasare/masks/80.png
nasare/images/98_3.png,nasare/masks/98_3.png
nasare/images/48_0.png,nasare/masks/48_0.png
nasare/images/354_2.png,nasare/masks/354_2.png
nasare/images/197_3.png,nasare/masks/197_3.png
nasare/images/60_2.png,nasare/masks/60_2.png
nasare/images/173_3.png,nasare/masks/173_3.png
nasare/images/37_1.png,nasare/masks/37_1.png
nasare/images/199_1.png,nasare/masks/199_1.png
nasare/images/88_3.png,nasare/masks/88_3.png
nasare/images/375_2.png,nasare/masks/375_2.png
nasare/images/235_1.png,nasare/masks/235_1.png
nasare/images/346.png,nasare/masks/346.png
nasare/images/397_3.png,nasare/masks/397_3.png
nasare/images/32.png,nasare/masks/32.png
nasare/images/29_2.png,nasare/masks/29_2.png
nasare/images/25_3.png,nasare/masks/25_3.png
nasare/images/297_2.png,nasare/masks/297_2.png
nasare/images/370_1.png,nasare/masks/370_1.png
nasare/images/150_3.png,nasare/masks/150_3.png
nasare/images/0.png,nasare/masks/0.png
nasare/images/224_0.png,nasare/masks/224_0.png
nasare/images/400_2.png,nasare/masks/400_2.png
nasare/images/39_1.png,nasare/masks/39_1.png
nasare/images/178_0.png,nasare/masks/178_0.png
nasare/images/60_3.png,nasare/masks/60_3.png
nasare/images/356_4.png,nasare/masks/356_4.png
nasare/images/364_4.png,nasare/masks/364_4.png
nasare/images/345.png,nasare/masks/345.png
nasare/images/40_4.png,nasare/masks/40_4.png
nasare/images/218_1.png,nasare/masks/218_1.png
nasare/images/103_3.png,nasare/masks/103_3.png
nasare/images/137_0.png,nasare/masks/137_0.png
nasare/images/4_1.png,nasare/masks/4_1.png
nasare/images/228.png,nasare/masks/228.png
nasare/images/79_0.png,nasare/masks/79_0.png
nasare/images/99_4.png,nasare/masks/99_4.png
nasare/images/42_4.png,nasare/masks/42_4.png
nasare/images/233_1.png,nasare/masks/233_1.png
nasare/images/145_3.png,nasare/masks/145_3.png
nasare/images/401_4.png,nasare/masks/401_4.png
nasare/images/163_4.png,nasare/masks/163_4.png
nasare/images/201_3.png,nasare/masks/201_3.png
nasare/images/385_2.png,nasare/masks/385_2.png
nasare/images/356_2.png,nasare/masks/356_2.png
nasare/images/43.png,nasare/masks/43.png
nasare/images/368_1.png,nasare/masks/368_1.png
nasare/images/185_2.png,nasare/masks/185_2.png
nasare/images/198.png,nasare/masks/198.png
nasare/images/363_1.png,nasare/masks/363_1.png
nasare/images/91_1.png,nasare/masks/91_1.png
nasare/images/166_3.png,nasare/masks/166_3.png
nasare/images/232_1.png,nasare/masks/232_1.png
nasare/images/112_2.png,nasare/masks/112_2.png
nasare/images/384_2.png,nasare/masks/384_2.png
nasare/images/262.png,nasare/masks/262.png
nasare/images/305_4.png,nasare/masks/305_4.png
nasare/images/182_4.png,nasare/masks/182_4.png
nasare/images/211_0.png,nasare/masks/211_0.png
nasare/images/132_4.png,nasare/masks/132_4.png
nasare/images/233_0.png,nasare/masks/233_0.png
nasare/images/409_4.png,nasare/masks/409_4.png
nasare/images/102_4.png,nasare/masks/102_4.png
nasare/images/163_1.png,nasare/masks/163_1.png
nasare/images/158_0.png,nasare/masks/158_0.png
nasare/images/241_3.png,nasare/masks/241_3.png
nasare/images/406_2.png,nasare/masks/406_2.png
nasare/images/253.png,nasare/masks/253.png
nasare/images/334_0.png,nasare/masks/334_0.png
nasare/images/12_2.png,nasare/masks/12_2.png
nasare/images/357_4.png,nasare/masks/357_4.png
nasare/images/106_4.png,nasare/masks/106_4.png
nasare/images/76.png,nasare/masks/76.png
nasare/images/372_0.png,nasare/masks/372_0.png
nasare/images/250.png,nasare/masks/250.png
nasare/images/402_3.png,nasare/masks/402_3.png
nasare/images/329_1.png,nasare/masks/329_1.png
nasare/images/95_2.png,nasare/masks/95_2.png
nasare/images/12_3.png,nasare/masks/12_3.png
nasare/images/191_2.png,nasare/masks/191_2.png
nasare/images/128_0.png,nasare/masks/128_0.png
nasare/images/139_1.png,nasare/masks/139_1.png
nasare/images/343.png,nasare/masks/343.png
nasare/images/99_3.png,nasare/masks/99_3.png
nasare/images/380_3.png,nasare/masks/380_3.png
nasare/images/63_0.png,nasare/masks/63_0.png
nasare/images/87.png,nasare/masks/87.png
nasare/images/219_3.png,nasare/masks/219_3.png
nasare/images/95_4.png,nasare/masks/95_4.png
nasare/images/104_0.png,nasare/masks/104_0.png
nasare/images/64_3.png,nasare/masks/64_3.png
nasare/images/82_1.png,nasare/masks/82_1.png
nasare/images/84.png,nasare/masks/84.png
nasare/images/221_1.png,nasare/masks/221_1.png
nasare/images/262_1.png,nasare/masks/262_1.png
nasare/images/74_0.png,nasare/masks/74_0.png
nasare/images/220_0.png,nasare/masks/220_0.png
nasare/images/10.png,nasare/masks/10.png
nasare/images/90_2.png,nasare/masks/90_2.png
nasare/images/162_0.png,nasare/masks/162_0.png
nasare/images/1_1.png,nasare/masks/1_1.png
nasare/images/172_4.png,nasare/masks/172_4.png
nasare/images/187_3.png,nasare/masks/187_3.png
nasare/images/125_2.png,nasare/masks/125_2.png
nasare/images/70_2.png,nasare/masks/70_2.png
nasare/images/228_2.png,nasare/masks/228_2.png
nasare/images/118_3.png,nasare/masks/118_3.png
nasare/images/260_2.png,nasare/masks/260_2.png
nasare/images/248_1.png,nasare/masks/248_1.png
nasare/images/29_4.png,nasare/masks/29_4.png
nasare/images/167_1.png,nasare/masks/167_1.png
nasare/images/153.png,nasare/masks/153.png
nasare/images/263_0.png,nasare/masks/263_0.png
nasare/images/316_4.png,nasare/masks/316_4.png
nasare/images/306_4.png,nasare/masks/306_4.png
nasare/images/219_4.png,nasare/masks/219_4.png
nasare/images/85_3.png,nasare/masks/85_3.png
nasare/images/119_0.png,nasare/masks/119_0.png
nasare/images/160_1.png,nasare/masks/160_1.png
nasare/images/202_4.png,nasare/masks/202_4.png
nasare/images/346_2.png,nasare/masks/346_2.png
nasare/images/395_3.png,nasare/masks/395_3.png
nasare/images/127_2.png,nasare/masks/127_2.png
nasare/images/35.png,nasare/masks/35.png
nasare/images/166_2.png,nasare/masks/166_2.png
nasare/images/403.png,nasare/masks/403.png
nasare/images/38_3.png,nasare/masks/38_3.png
nasare/images/179_3.png,nasare/masks/179_3.png
nasare/images/19_2.png,nasare/masks/19_2.png
nasare/images/67_3.png,nasare/masks/67_3.png
nasare/images/150_2.png,nasare/masks/150_2.png
nasare/images/146_3.png,nasare/masks/146_3.png
nasare/images/255_2.png,nasare/masks/255_2.png
nasare/images/191_0.png,nasare/masks/191_0.png
nasare/images/124_0.png,nasare/masks/124_0.png
nasare/images/72_4.png,nasare/masks/72_4.png
nasare/images/353_0.png,nasare/masks/353_0.png
nasare/images/363_3.png,nasare/masks/363_3.png
nasare/images/134_0.png,nasare/masks/134_0.png
nasare/images/410_1.png,nasare/masks/410_1.png
nasare/images/17_1.png,nasare/masks/17_1.png
nasare/images/210.png,nasare/masks/210.png
nasare/images/150_1.png,nasare/masks/150_1.png
nasare/images/17_3.png,nasare/masks/17_3.png
nasare/images/59_4.png,nasare/masks/59_4.png
nasare/images/343_2.png,nasare/masks/343_2.png
nasare/images/82_3.png,nasare/masks/82_3.png
nasare/images/27_4.png,nasare/masks/27_4.png
nasare/images/102_0.png,nasare/masks/102_0.png
nasare/images/106.png,nasare/masks/106.png
nasare/images/397_4.png,nasare/masks/397_4.png
nasare/images/255.png,nasare/masks/255.png
nasare/images/222_4.png,nasare/masks/222_4.png
nasare/images/137_3.png,nasare/masks/137_3.png
nasare/images/294.png,nasare/masks/294.png
nasare/images/49.png,nasare/masks/49.png
nasare/images/80_4.png,nasare/masks/80_4.png
nasare/images/6_4.png,nasare/masks/6_4.png
nasare/images/136_3.png,nasare/masks/136_3.png
nasare/images/409_3.png,nasare/masks/409_3.png
nasare/images/68_4.png,nasare/masks/68_4.png
nasare/images/257_1.png,nasare/masks/257_1.png
nasare/images/49_1.png,nasare/masks/49_1.png
nasare/images/52.png,nasare/masks/52.png
nasare/images/77_1.png,nasare/masks/77_1.png
nasare/images/76_2.png,nasare/masks/76_2.png
nasare/images/25.png,nasare/masks/25.png
nasare/images/77_3.png,nasare/masks/77_3.png
nasare/images/367_1.png,nasare/masks/367_1.png
nasare/images/354_4.png,nasare/masks/354_4.png
nasare/images/198_1.png,nasare/masks/198_1.png
nasare/images/381_1.png,nasare/masks/381_1.png
nasare/images/263_1.png,nasare/masks/263_1.png
nasare/images/383_1.png,nasare/masks/383_1.png
nasare/images/89_1.png,nasare/masks/89_1.png
nasare/images/148_1.png,nasare/masks/148_1.png
nasare/images/31.png,nasare/masks/31.png
nasare/images/250_4.png,nasare/masks/250_4.png
nasare/images/75_4.png,nasare/masks/75_4.png
nasare/images/131_3.png,nasare/masks/131_3.png
nasare/images/94_1.png,nasare/masks/94_1.png
nasare/images/262_2.png,nasare/masks/262_2.png
nasare/images/89_4.png,nasare/masks/89_4.png
nasare/images/220_3.png,nasare/masks/220_3.png
nasare/images/36_2.png,nasare/masks/36_2.png
nasare/images/150_4.png,nasare/masks/150_4.png
nasare/images/146_0.png,nasare/masks/146_0.png
nasare/images/5_1.png,nasare/masks/5_1.png
nasare/images/147_3.png,nasare/masks/147_3.png
nasare/images/43_2.png,nasare/masks/43_2.png
nasare/images/16_3.png,nasare/masks/16_3.png
nasare/images/395_4.png,nasare/masks/395_4.png
nasare/images/408.png,nasare/masks/408.png
nasare/images/325_4.png,nasare/masks/325_4.png
nasare/images/218_2.png,nasare/masks/218_2.png
nasare/images/257_0.png,nasare/masks/257_0.png
nasare/images/8_3.png,nasare/masks/8_3.png
nasare/images/253_4.png,nasare/masks/253_4.png
nasare/images/143_3.png,nasare/masks/143_3.png
nasare/images/29_1.png,nasare/masks/29_1.png
nasare/images/2_3.png,nasare/masks/2_3.png
nasare/images/331_2.png,nasare/masks/331_2.png
nasare/images/54_1.png,nasare/masks/54_1.png
nasare/images/13_0.png,nasare/masks/13_0.png
nasare/images/71_0.png,nasare/masks/71_0.png
nasare/images/183_2.png,nasare/masks/183_2.png
nasare/images/81_0.png,nasare/masks/81_0.png
nasare/images/325.png,nasare/masks/325.png
nasare/images/50_2.png,nasare/masks/50_2.png
nasare/images/11_4.png,nasare/masks/11_4.png
nasare/images/224.png,nasare/masks/224.png
nasare/images/172.png,nasare/masks/172.png
nasare/images/99_1.png,nasare/masks/99_1.png
nasare/images/88_1.png,nasare/masks/88_1.png
nasare/images/230_3.png,nasare/masks/230_3.png
nasare/images/142_2.png,nasare/masks/142_2.png
nasare/images/186_0.png,nasare/masks/186_0.png
nasare/images/124_4.png,nasare/masks/124_4.png
nasare/images/266_4.png,nasare/masks/266_4.png
nasare/images/140_1.png,nasare/masks/140_1.png
nasare/images/268_2.png,nasare/masks/268_2.png
nasare/images/20_0.png,nasare/masks/20_0.png
nasare/images/149_4.png,nasare/masks/149_4.png
nasare/images/397.png,nasare/masks/397.png
nasare/images/316_2.png,nasare/masks/316_2.png
nasare/images/202_0.png,nasare/masks/202_0.png
nasare/images/166_4.png,nasare/masks/166_4.png
nasare/images/205_2.png,nasare/masks/205_2.png
nasare/images/217_1.png,nasare/masks/217_1.png
nasare/images/175_4.png,nasare/masks/175_4.png
nasare/images/173_1.png,nasare/masks/173_1.png
nasare/images/4.png,nasare/masks/4.png
nasare/images/89_2.png,nasare/masks/89_2.png
nasare/images/204_2.png,nasare/masks/204_2.png
nasare/images/369_0.png,nasare/masks/369_0.png
nasare/images/191.png,nasare/masks/191.png
nasare/images/206_2.png,nasare/masks/206_2.png
nasare/images/57_3.png,nasare/masks/57_3.png
nasare/images/331.png,nasare/masks/331.png
nasare/images/8_0.png,nasare/masks/8_0.png
nasare/images/48_4.png,nasare/masks/48_4.png
nasare/images/83_0.png,nasare/masks/83_0.png
nasare/images/63.png,nasare/masks/63.png
nasare/images/209_1.png,nasare/masks/209_1.png
nasare/images/68_2.png,nasare/masks/68_2.png
nasare/images/157.png,nasare/masks/157.png
nasare/images/19_4.png,nasare/masks/19_4.png
nasare/images/265.png,nasare/masks/265.png
nasare/images/117_2.png,nasare/masks/117_2.png
nasare/images/48.png,nasare/masks/48.png
nasare/images/234_0.png,nasare/masks/234_0.png
nasare/images/67_1.png,nasare/masks/67_1.png
nasare/images/198_3.png,nasare/masks/198_3.png
nasare/images/235_2.png,nasare/masks/235_2.png
nasare/images/395_2.png,nasare/masks/395_2.png
nasare/images/411_4.png,nasare/masks/411_4.png
nasare/images/104.png,nasare/masks/104.png
nasare/images/366.png,nasare/masks/366.png
nasare/images/210_2.png,nasare/masks/210_2.png
nasare/images/156_3.png,nasare/masks/156_3.png
nasare/images/36_0.png,nasare/masks/36_0.png
nasare/images/37_2.png,nasare/masks/37_2.png
nasare/images/248_0.png,nasare/masks/248_0.png
nasare/images/193_4.png,nasare/masks/193_4.png
nasare/images/87_4.png,nasare/masks/87_4.png
nasare/images/374_0.png,nasare/masks/374_0.png
nasare/images/347.png,nasare/masks/347.png
nasare/images/31_3.png,nasare/masks/31_3.png
nasare/images/135_1.png,nasare/masks/135_1.png
nasare/images/73.png,nasare/masks/73.png
nasare/images/23_0.png,nasare/masks/23_0.png
nasare/images/62.png,nasare/masks/62.png
nasare/images/118.png,nasare/masks/118.png
nasare/images/218_3.png,nasare/masks/218_3.png
nasare/images/175_0.png,nasare/masks/175_0.png
nasare/images/119_1.png,nasare/masks/119_1.png
nasare/images/362_1.png,nasare/masks/362_1.png
nasare/images/95_3.png,nasare/masks/95_3.png
nasare/images/33_4.png,nasare/masks/33_4.png
nasare/images/58.png,nasare/masks/58.png
nasare/images/174.png,nasare/masks/174.png
nasare/images/359.png,nasare/masks/359.png
nasare/images/92_4.png,nasare/masks/92_4.png
nasare/images/19_0.png,nasare/masks/19_0.png
nasare/images/46.png,nasare/masks/46.png
nasare/images/53_3.png,nasare/masks/53_3.png
nasare/images/25_4.png,nasare/masks/25_4.png
nasare/images/345_0.png,nasare/masks/345_0.png
nasare/images/353_4.png,nasare/masks/353_4.png
nasare/images/153_1.png,nasare/masks/153_1.png
nasare/images/52_2.png,nasare/masks/52_2.png
nasare/images/31_0.png,nasare/masks/31_0.png
nasare/images/72_3.png,nasare/masks/72_3.png
nasare/images/43_0.png,nasare/masks/43_0.png
nasare/images/344_4.png,nasare/masks/344_4.png
nasare/images/249_3.png,nasare/masks/249_3.png
nasare/images/121_1.png,nasare/masks/121_1.png
nasare/images/202.png,nasare/masks/202.png
nasare/images/361_2.png,nasare/masks/361_2.png
nasare/images/235_3.png,nasare/masks/235_3.png
nasare/images/147_0.png,nasare/masks/147_0.png
nasare/images/362_4.png,nasare/masks/362_4.png
nasare/images/233_2.png,nasare/masks/233_2.png
nasare/images/139_2.png,nasare/masks/139_2.png
nasare/images/15.png,nasare/masks/15.png
nasare/images/82_0.png,nasare/masks/82_0.png
nasare/images/358_3.png,nasare/masks/358_3.png
nasare/images/169_0.png,nasare/masks/169_0.png
nasare/images/172_3.png,nasare/masks/172_3.png
nasare/images/218.png,nasare/masks/218.png
nasare/images/134.png,nasare/masks/134.png
nasare/images/377_3.png,nasare/masks/377_3.png
nasare/images/39_4.png,nasare/masks/39_4.png
nasare/images/263_2.png,nasare/masks/263_2.png
nasare/images/155_3.png,nasare/masks/155_3.png
nasare/images/379_1.png,nasare/masks/379_1.png
nasare/images/48_2.png,nasare/masks/48_2.png
nasare/images/62_1.png,nasare/masks/62_1.png
nasare/images/62_3.png,nasare/masks/62_3.png
nasare/images/37_3.png,nasare/masks/37_3.png
nasare/images/207_2.png,nasare/masks/207_2.png
nasare/images/375.png,nasare/masks/375.png
nasare/images/220_4.png,nasare/masks/220_4.png
nasare/images/391_2.png,nasare/masks/391_2.png
nasare/images/145_1.png,nasare/masks/145_1.png
nasare/images/50_1.png,nasare/masks/50_1.png
nasare/images/391_1.png,nasare/masks/391_1.png
nasare/images/147_4.png,nasare/masks/147_4.png
nasare/images/149_1.png,nasare/masks/149_1.png
nasare/images/269_2.png,nasare/masks/269_2.png
nasare/images/205_1.png,nasare/masks/205_1.png
nasare/images/168_1.png,nasare/masks/168_1.png
nasare/images/373_1.png,nasare/masks/373_1.png
nasare/images/156_4.png,nasare/masks/156_4.png
nasare/images/46_2.png,nasare/masks/46_2.png
nasare/images/114_0.png,nasare/masks/114_0.png
nasare/images/297_4.png,nasare/masks/297_4.png
nasare/images/402_1.png,nasare/masks/402_1.png
nasare/images/90_1.png,nasare/masks/90_1.png
nasare/images/411.png,nasare/masks/411.png
nasare/images/197_4.png,nasare/masks/197_4.png
nasare/images/364_1.png,nasare/masks/364_1.png
nasare/images/354_3.png,nasare/masks/354_3.png
nasare/images/369_3.png,nasare/masks/369_3.png
nasare/images/94_4.png,nasare/masks/94_4.png
nasare/images/121_2.png,nasare/masks/121_2.png
nasare/images/33_2.png,nasare/masks/33_2.png
nasare/images/136.png,nasare/masks/136.png
nasare/images/384_0.png,nasare/masks/384_0.png
nasare/images/77_0.png,nasare/masks/77_0.png
nasare/images/349_0.png,nasare/masks/349_0.png
nasare/images/138_0.png,nasare/masks/138_0.png
nasare/images/136_4.png,nasare/masks/136_4.png
nasare/images/3_0.png,nasare/masks/3_0.png
nasare/images/129.png,nasare/masks/129.png
nasare/images/94_3.png,nasare/masks/94_3.png
nasare/images/198_0.png,nasare/masks/198_0.png
nasare/images/78_0.png,nasare/masks/78_0.png
nasare/images/388_0.png,nasare/masks/388_0.png
nasare/images/166_0.png,nasare/masks/166_0.png
nasare/images/356.png,nasare/masks/356.png
nasare/images/229_1.png,nasare/masks/229_1.png
nasare/images/358_2.png,nasare/masks/358_2.png
nasare/images/55_2.png,nasare/masks/55_2.png
nasare/images/61_4.png,nasare/masks/61_4.png
nasare/images/366_4.png,nasare/masks/366_4.png
nasare/images/94_0.png,nasare/masks/94_0.png
nasare/images/180_3.png,nasare/masks/180_3.png
nasare/images/343_0.png,nasare/masks/343_0.png
nasare/images/330_2.png,nasare/masks/330_2.png
nasare/images/228_0.png,nasare/masks/228_0.png
nasare/images/229_2.png,nasare/masks/229_2.png
nasare/images/396_3.png,nasare/masks/396_3.png
nasare/images/34_2.png,nasare/masks/34_2.png
nasare/images/142_3.png,nasare/masks/142_3.png
nasare/images/97_1.png,nasare/masks/97_1.png
nasare/images/79_3.png,nasare/masks/79_3.png
nasare/images/203_1.png,nasare/masks/203_1.png
nasare/images/329_3.png,nasare/masks/329_3.png
nasare/images/12.png,nasare/masks/12.png
nasare/images/13_3.png,nasare/masks/13_3.png
nasare/images/366_2.png,nasare/masks/366_2.png
nasare/images/88_0.png,nasare/masks/88_0.png
nasare/images/142_1.png,nasare/masks/142_1.png
nasare/images/345_1.png,nasare/masks/345_1.png
nasare/images/126_1.png,nasare/masks/126_1.png
nasare/images/125_0.png,nasare/masks/125_0.png
nasare/images/249_0.png,nasare/masks/249_0.png
nasare/images/241_0.png,nasare/masks/241_0.png
nasare/images/348_0.png,nasare/masks/348_0.png
nasare/images/102_3.png,nasare/masks/102_3.png
nasare/images/178.png,nasare/masks/178.png
nasare/images/206_3.png,nasare/masks/206_3.png
nasare/images/388_2.png,nasare/masks/388_2.png
nasare/images/183_1.png,nasare/masks/183_1.png
nasare/images/252_4.png,nasare/masks/252_4.png
nasare/images/252_1.png,nasare/masks/252_1.png
nasare/images/370_2.png,nasare/masks/370_2.png
nasare/images/153_0.png,nasare/masks/153_0.png
nasare/images/357_0.png,nasare/masks/357_0.png
nasare/images/233_3.png,nasare/masks/233_3.png
nasare/images/35_0.png,nasare/masks/35_0.png
nasare/images/248_2.png,nasare/masks/248_2.png
nasare/images/225_3.png,nasare/masks/225_3.png
nasare/images/45_3.png,nasare/masks/45_3.png
nasare/images/119_2.png,nasare/masks/119_2.png
nasare/images/225_2.png,nasare/masks/225_2.png
nasare/images/222_1.png,nasare/masks/222_1.png
nasare/images/346_1.png,nasare/masks/346_1.png
nasare/images/168_4.png,nasare/masks/168_4.png
nasare/images/65_0.png,nasare/masks/65_0.png
nasare/images/368.png,nasare/masks/368.png
nasare/images/121_4.png,nasare/masks/121_4.png
nasare/images/408_0.png,nasare/masks/408_0.png
nasare/images/60_1.png,nasare/masks/60_1.png
nasare/images/146_4.png,nasare/masks/146_4.png
nasare/images/387_1.png,nasare/masks/387_1.png
nasare/images/221_3.png,nasare/masks/221_3.png
nasare/images/59.png,nasare/masks/59.png
nasare/images/265_0.png,nasare/masks/265_0.png
nasare/images/387_4.png,nasare/masks/387_4.png
nasare/images/369_4.png,nasare/masks/369_4.png
nasare/images/358_0.png,nasare/masks/358_0.png
nasare/images/401.png,nasare/masks/401.png
nasare/images/34_3.png,nasare/masks/34_3.png
nasare/images/405_2.png,nasare/masks/405_2.png
nasare/images/368_0.png,nasare/masks/368_0.png
nasare/images/185_3.png,nasare/masks/185_3.png
nasare/images/183.png,nasare/masks/183.png
nasare/images/152.png,nasare/masks/152.png
nasare/images/2.png,nasare/masks/2.png
nasare/images/229_3.png,nasare/masks/229_3.png
nasare/images/362_3.png,nasare/masks/362_3.png
nasare/images/113_3.png,nasare/masks/113_3.png
nasare/images/59_2.png,nasare/masks/59_2.png
nasare/images/217_4.png,nasare/masks/217_4.png
nasare/images/103_1.png,nasare/masks/103_1.png
nasare/images/252_2.png,nasare/masks/252_2.png
nasare/images/316.png,nasare/masks/316.png
nasare/images/305_1.png,nasare/masks/305_1.png
nasare/images/53_2.png,nasare/masks/53_2.png
nasare/images/335.png,nasare/masks/335.png
nasare/images/160_0.png,nasare/masks/160_0.png
nasare/images/349_2.png,nasare/masks/349_2.png
nasare/images/80_1.png,nasare/masks/80_1.png
nasare/images/8.png,nasare/masks/8.png
nasare/images/1_3.png,nasare/masks/1_3.png
nasare/images/150.png,nasare/masks/150.png
nasare/images/230.png,nasare/masks/230.png
nasare/images/294_3.png,nasare/masks/294_3.png
nasare/images/231.png,nasare/masks/231.png
nasare/images/173_0.png,nasare/masks/173_0.png
nasare/images/59_1.png,nasare/masks/59_1.png
nasare/images/129_2.png,nasare/masks/129_2.png
nasare/images/192_3.png,nasare/masks/192_3.png
nasare/images/149_3.png,nasare/masks/149_3.png
nasare/images/347_4.png,nasare/masks/347_4.png
nasare/images/146.png,nasare/masks/146.png
nasare/images/34.png,nasare/masks/34.png
nasare/images/264_1.png,nasare/masks/264_1.png
nasare/images/218_0.png,nasare/masks/218_0.png
nasare/images/234_1.png,nasare/masks/234_1.png
nasare/images/149_0.png,nasare/masks/149_0.png
nasare/images/179.png,nasare/masks/179.png
nasare/images/410_4.png,nasare/masks/410_4.png
nasare/images/384_1.png,nasare/masks/384_1.png
nasare/images/55.png,nasare/masks/55.png
nasare/images/77_2.png,nasare/masks/77_2.png
nasare/images/7_1.png,nasare/masks/7_1.png
nasare/images/117_1.png,nasare/masks/117_1.png
nasare/images/78_4.png,nasare/masks/78_4.png
nasare/images/36.png,nasare/masks/36.png
nasare/images/381.png,nasare/masks/381.png
nasare/images/385_1.png,nasare/masks/385_1.png
nasare/images/330_0.png,nasare/masks/330_0.png
nasare/images/235_0.png,nasare/masks/235_0.png
nasare/images/218_4.png,nasare/masks/218_4.png
nasare/images/383_4.png,nasare/masks/383_4.png
nasare/images/212_0.png,nasare/masks/212_0.png
nasare/images/104_2.png,nasare/masks/104_2.png
nasare/images/253_1.png,nasare/masks/253_1.png
nasare/images/152_1.png,nasare/masks/152_1.png
nasare/images/182_3.png,nasare/masks/182_3.png
nasare/images/162.png,nasare/masks/162.png
nasare/images/11_0.png,nasare/masks/11_0.png
nasare/images/377_4.png,nasare/masks/377_4.png
nasare/images/3.png,nasare/masks/3.png
nasare/images/406_3.png,nasare/masks/406_3.png
nasare/images/219_2.png,nasare/masks/219_2.png
nasare/images/102_2.png,nasare/masks/102_2.png
nasare/images/56_2.png,nasare/masks/56_2.png
nasare/images/305_3.png,nasare/masks/305_3.png
nasare/images/269_3.png,nasare/masks/269_3.png
nasare/images/17_0.png,nasare/masks/17_0.png
nasare/images/138_4.png,nasare/masks/138_4.png
nasare/images/384_3.png,nasare/masks/384_3.png
nasare/images/40_3.png,nasare/masks/40_3.png
nasare/images/375_1.png,nasare/masks/375_1.png
nasare/images/136_1.png,nasare/masks/136_1.png
nasare/images/411_1.png,nasare/masks/411_1.png
nasare/images/56_0.png,nasare/masks/56_0.png
nasare/images/400.png,nasare/masks/400.png
nasare/images/123_3.png,nasare/masks/123_3.png
nasare/images/22.png,nasare/masks/22.png
nasare/images/44_1.png,nasare/masks/44_1.png
nasare/images/141_1.png,nasare/masks/141_1.png
nasare/images/400_4.png,nasare/masks/400_4.png
nasare/images/260.png,nasare/masks/260.png
nasare/images/382_1.png,nasare/masks/382_1.png
nasare/images/128_4.png,nasare/masks/128_4.png
nasare/images/103.png,nasare/masks/103.png
nasare/images/84_0.png,nasare/masks/84_0.png
nasare/images/42_3.png,nasare/masks/42_3.png
nasare/images/51_4.png,nasare/masks/51_4.png
nasare/images/352_0.png,nasare/masks/352_0.png
nasare/images/47_2.png,nasare/masks/47_2.png
nasare/images/81.png,nasare/masks/81.png
nasare/images/18_0.png,nasare/masks/18_0.png
nasare/images/59_3.png,nasare/masks/59_3.png
nasare/images/202_1.png,nasare/masks/202_1.png
nasare/images/157_0.png,nasare/masks/157_0.png
nasare/images/112_0.png,nasare/masks/112_0.png
nasare/images/137.png,nasare/masks/137.png
nasare/images/128.png,nasare/masks/128.png
nasare/images/11_2.png,nasare/masks/11_2.png
nasare/images/167_3.png,nasare/masks/167_3.png
nasare/images/51_1.png,nasare/masks/51_1.png
nasare/images/330_3.png,nasare/masks/330_3.png
nasare/images/14_1.png,nasare/masks/14_1.png
nasare/images/1_4.png,nasare/masks/1_4.png
nasare/images/107_3.png,nasare/masks/107_3.png
nasare/images/410_0.png,nasare/masks/410_0.png
nasare/images/377_0.png,nasare/masks/377_0.png
nasare/images/52_1.png,nasare/masks/52_1.png
nasare/images/32_1.png,nasare/masks/32_1.png
nasare/images/19_1.png,nasare/masks/19_1.png
nasare/images/264_0.png,nasare/masks/264_0.png
nasare/images/20.png,nasare/masks/20.png
nasare/images/185_1.png,nasare/masks/185_1.png
nasare/images/53_4.png,nasare/masks/53_4.png
nasare/images/252_3.png,nasare/masks/252_3.png
nasare/images/160_2.png,nasare/masks/160_2.png
nasare/images/108_3.png,nasare/masks/108_3.png
nasare/images/381_3.png,nasare/masks/381_3.png
nasare/images/129_1.png,nasare/masks/129_1.png
nasare/images/203_3.png,nasare/masks/203_3.png
nasare/images/49_0.png,nasare/masks/49_0.png
nasare/images/263.png,nasare/masks/263.png
nasare/images/235_4.png,nasare/masks/235_4.png
nasare/images/122_0.png,nasare/masks/122_0.png
nasare/images/24.png,nasare/masks/24.png
nasare/images/194_1.png,nasare/masks/194_1.png
nasare/images/131_2.png,nasare/masks/131_2.png
nasare/images/139.png,nasare/masks/139.png
nasare/images/69_4.png,nasare/masks/69_4.png
nasare/images/39_3.png,nasare/masks/39_3.png
nasare/images/149_2.png,nasare/masks/149_2.png
nasare/images/13.png,nasare/masks/13.png
nasare/images/107_2.png,nasare/masks/107_2.png
nasare/images/210_1.png,nasare/masks/210_1.png
nasare/images/263_3.png,nasare/masks/263_3.png
nasare/images/113_0.png,nasare/masks/113_0.png
nasare/images/32_3.png,nasare/masks/32_3.png
nasare/images/228_4.png,nasare/masks/228_4.png
nasare/images/193_0.png,nasare/masks/193_0.png
nasare/images/26_1.png,nasare/masks/26_1.png
nasare/images/69_3.png,nasare/masks/69_3.png
nasare/images/334.png,nasare/masks/334.png
nasare/images/353_2.png,nasare/masks/353_2.png
nasare/images/377_1.png,nasare/masks/377_1.png
nasare/images/65_4.png,nasare/masks/65_4.png
nasare/images/169.png,nasare/masks/169.png
nasare/images/379_0.png,nasare/masks/379_0.png
nasare/images/67_2.png,nasare/masks/67_2.png
nasare/images/143_1.png,nasare/masks/143_1.png
nasare/images/13_2.png,nasare/masks/13_2.png
nasare/images/72_0.png,nasare/masks/72_0.png
nasare/images/169_1.png,nasare/masks/169_1.png
nasare/images/20_4.png,nasare/masks/20_4.png
nasare/images/126.png,nasare/masks/126.png
nasare/images/193_2.png,nasare/masks/193_2.png
nasare/images/75_1.png,nasare/masks/75_1.png
nasare/images/28_4.png,nasare/masks/28_4.png
nasare/images/156.png,nasare/masks/156.png
nasare/images/212.png,nasare/masks/212.png
nasare/images/224_3.png,nasare/masks/224_3.png
nasare/images/252_0.png,nasare/masks/252_0.png
nasare/images/217_3.png,nasare/masks/217_3.png
nasare/images/167_2.png,nasare/masks/167_2.png
nasare/images/13_4.png,nasare/masks/13_4.png
nasare/images/348_1.png,nasare/masks/348_1.png
nasare/images/132.png,nasare/masks/132.png
nasare/images/240_3.png,nasare/masks/240_3.png
nasare/images/121.png,nasare/masks/121.png
nasare/images/232_3.png,nasare/masks/232_3.png
nasare/images/144_1.png,nasare/masks/144_1.png
nasare/images/316_3.png,nasare/masks/316_3.png
nasare/images/400_1.png,nasare/masks/400_1.png
nasare/images/120_4.png,nasare/masks/120_4.png
nasare/images/41_4.png,nasare/masks/41_4.png
nasare/images/175.png,nasare/masks/175.png
nasare/images/220_2.png,nasare/masks/220_2.png
nasare/images/359_2.png,nasare/masks/359_2.png
nasare/images/108.png,nasare/masks/108.png
nasare/images/253_3.png,nasare/masks/253_3.png
nasare/images/175_2.png,nasare/masks/175_2.png
nasare/images/140.png,nasare/masks/140.png
nasare/images/150_0.png,nasare/masks/150_0.png
nasare/images/248.png,nasare/masks/248.png
nasare/images/85.png,nasare/masks/85.png
nasare/images/87_0.png,nasare/masks/87_0.png
nasare/images/142.png,nasare/masks/142.png
nasare/images/266_3.png,nasare/masks/266_3.png
nasare/images/334_2.png,nasare/masks/334_2.png
nasare/images/205_3.png,nasare/masks/205_3.png
nasare/images/306.png,nasare/masks/306.png
nasare/images/211_4.png,nasare/masks/211_4.png
nasare/images/127_1.png,nasare/masks/127_1.png
nasare/images/399_3.png,nasare/masks/399_3.png
nasare/images/109_1.png,nasare/masks/109_1.png
nasare/images/356_0.png,nasare/masks/356_0.png
nasare/images/330.png,nasare/masks/330.png
nasare/images/113_2.png,nasare/masks/113_2.png
nasare/images/189_0.png,nasare/masks/189_0.png
nasare/images/331_0.png,nasare/masks/331_0.png
nasare/images/65_3.png,nasare/masks/65_3.png
nasare/images/408_3.png,nasare/masks/408_3.png
nasare/images/386_1.png,nasare/masks/386_1.png
nasare/images/362_0.png,nasare/masks/362_0.png
nasare/images/81_2.png,nasare/masks/81_2.png
nasare/images/251_1.png,nasare/masks/251_1.png
nasare/images/399_1.png,nasare/masks/399_1.png
nasare/images/64_1.png,nasare/masks/64_1.png
nasare/images/207.png,nasare/masks/207.png
nasare/images/6_2.png,nasare/masks/6_2.png
nasare/images/169_2.png,nasare/masks/169_2.png
nasare/images/0_2.png,nasare/masks/0_2.png
nasare/images/402_4.png,nasare/masks/402_4.png
nasare/images/160_4.png,nasare/masks/160_4.png
nasare/images/269.png,nasare/masks/269.png
nasare/images/333.png,nasare/masks/333.png
nasare/images/265_4.png,nasare/masks/265_4.png
nasare/images/39_2.png,nasare/masks/39_2.png
nasare/images/40_2.png,nasare/masks/40_2.png
nasare/images/225_0.png,nasare/masks/225_0.png
nasare/images/70_4.png,nasare/masks/70_4.png
nasare/images/34_4.png,nasare/masks/34_4.png
nasare/images/78_3.png,nasare/masks/78_3.png
nasare/images/39_0.png,nasare/masks/39_0.png
nasare/images/64_4.png,nasare/masks/64_4.png
nasare/images/367_3.png,nasare/masks/367_3.png
nasare/images/143_2.png,nasare/masks/143_2.png
nasare/images/297_0.png,nasare/masks/297_0.png
nasare/images/169_3.png,nasare/masks/169_3.png
nasare/images/120.png,nasare/masks/120.png
nasare/images/144.png,nasare/masks/144.png
nasare/images/101_3.png,nasare/masks/101_3.png
nasare/images/83_3.png,nasare/masks/83_3.png
nasare/images/181.png,nasare/masks/181.png
nasare/images/232_2.png,nasare/masks/232_2.png
nasare/images/91.png,nasare/masks/91.png
nasare/images/264.png,nasare/masks/264.png
nasare/images/55_3.png,nasare/masks/55_3.png
nasare/images/110_3.png,nasare/masks/110_3.png
nasare/images/109.png,nasare/masks/109.png
nasare/images/360_4.png,nasare/masks/360_4.png
nasare/images/128_1.png,nasare/masks/128_1.png
nasare/images/145.png,nasare/masks/145.png
nasare/images/41_0.png,nasare/masks/41_0.png
nasare/images/58_1.png,nasare/masks/58_1.png
nasare/images/170_3.png,nasare/masks/170_3.png
nasare/images/238_2.png,nasare/masks/238_2.png
nasare/images/202_3.png,nasare/masks/202_3.png
nasare/images/14_0.png,nasare/masks/14_0.png
nasare/images/15_3.png,nasare/masks/15_3.png
nasare/images/128_2.png,nasare/masks/128_2.png
nasare/images/30.png,nasare/masks/30.png
nasare/images/386.png,nasare/masks/386.png
nasare/images/29_3.png,nasare/masks/29_3.png
nasare/images/244_0.png,nasare/masks/244_0.png
nasare/images/306_3.png,nasare/masks/306_3.png
nasare/images/12_4.png,nasare/masks/12_4.png
nasare/images/400_3.png,nasare/masks/400_3.png
nasare/images/35_3.png,nasare/masks/35_3.png
nasare/images/107_0.png,nasare/masks/107_0.png
nasare/images/11.png,nasare/masks/11.png
nasare/images/346_3.png,nasare/masks/346_3.png
nasare/images/210_3.png,nasare/masks/210_3.png
nasare/images/390_4.png,nasare/masks/390_4.png
nasare/images/42_1.png,nasare/masks/42_1.png
nasare/images/66_0.png,nasare/masks/66_0.png
nasare/images/199.png,nasare/masks/199.png
nasare/images/125.png,nasare/masks/125.png
nasare/images/15_1.png,nasare/masks/15_1.png
nasare/images/397_1.png,nasare/masks/397_1.png
nasare/images/170_4.png,nasare/masks/170_4.png
nasare/images/385.png,nasare/masks/385.png
nasare/images/30_0.png,nasare/masks/30_0.png
nasare/images/334_3.png,nasare/masks/334_3.png
nasare/images/361.png,nasare/masks/361.png
nasare/images/387_0.png,nasare/masks/387_0.png
nasare/images/363_4.png,nasare/masks/363_4.png
nasare/images/244.png,nasare/masks/244.png
nasare/images/36_1.png,nasare/masks/36_1.png
nasare/images/230_4.png,nasare/masks/230_4.png
nasare/images/370_0.png,nasare/masks/370_0.png
nasare/images/167_0.png,nasare/masks/167_0.png
nasare/images/382_4.png,nasare/masks/382_4.png
nasare/images/33_0.png,nasare/masks/33_0.png
nasare/images/31_4.png,nasare/masks/31_4.png
nasare/images/193_3.png,nasare/masks/193_3.png
nasare/images/172_0.png,nasare/masks/172_0.png
nasare/images/335_0.png,nasare/masks/335_0.png
nasare/images/347_2.png,nasare/masks/347_2.png
nasare/images/136_2.png,nasare/masks/136_2.png
nasare/images/367.png,nasare/masks/367.png
nasare/images/240_4.png,nasare/masks/240_4.png
nasare/images/186_1.png,nasare/masks/186_1.png
nasare/images/8_2.png,nasare/masks/8_2.png
nasare/images/51.png,nasare/masks/51.png
nasare/images/403_1.png,nasare/masks/403_1.png
nasare/images/80_3.png,nasare/masks/80_3.png
nasare/images/212_4.png,nasare/masks/212_4.png
nasare/images/366_1.png,nasare/masks/366_1.png
nasare/images/250_1.png,nasare/masks/250_1.png
nasare/images/222_3.png,nasare/masks/222_3.png
nasare/images/359_3.png,nasare/masks/359_3.png
nasare/images/33_3.png,nasare/masks/33_3.png
nasare/images/101.png,nasare/masks/101.png
nasare/images/179_2.png,nasare/masks/179_2.png
nasare/images/264_2.png,nasare/masks/264_2.png
nasare/images/146_1.png,nasare/masks/146_1.png
